SearchQuery,Index,PageNumber,URL
Article 4 Application,1,1,https://pam.ealing.gov.uk/online-applications/applicationDetails.do?keyVal=ZZZW7TJMTA504&activeTab=summary
Article 4 Application,2,1,https://pam.ealing.gov.uk/online-applications/applicationDetails.do?keyVal=ZZZW72JMTA275&activeTab=summary
Article 4 Application,3,1,https://pam.ealing.gov.uk/online-applications/applicationDetails.do?keyVal=ZZZW7IJMTA008&activeTab=summary
Article 4 Application,4,1,https://pam.ealing.gov.uk/online-applications/applicationDetails.do?keyVal=ZZZW6HJMTA669&activeTab=summary
Article 4 Application,5,1,https://pam.ealing.gov.uk/online-applications/applicationDetails.do?keyVal=ZZZW6HJMTA305&activeTab=summary
Article 4 Application,6,1,https://pam.ealing.gov.uk/online-applications/applicationDetails.do?keyVal=ZZZW7BJMTA380&activeTab=summary
Article 4 Application,7,1,https://pam.ealing.gov.uk/online-applications/applicationDetails.do?keyVal=ZZZW7OJMTA441&activeTab=summary
Article 4 Application,8,1,https://pam.ealing.gov.uk/online-applications/applicationDetails.do?keyVal=ZZZW70JMTA310&activeTab=summary
Article 4 Application,9,1,https://pam.ealing.gov.uk/online-applications/applicationDetails.do?keyVal=ZZZW64JMTA404&activeTab=summary
Article 4 Application,10,1,https://pam.ealing.gov.uk/online-applications/applicationDetails.do?keyVal=ZZZW62JMTA454&activeTab=summary
Article 4 Application,11,1,https://pam.ealing.gov.uk/online-applications/applicationDetails.do?keyVal=ZZZW7TJMTA751&activeTab=summary
Article 4 Application,12,1,https://pam.ealing.gov.uk/online-applications/applicationDetails.do?keyVal=ZZZW82JMTA443&activeTab=summary
Article 4 Application,13,1,https://pam.ealing.gov.uk/online-applications/applicationDetails.do?keyVal=ZZZW63JMTA360&activeTab=summary
Article 4 Application,14,1,https://pam.ealing.gov.uk/online-applications/applicationDetails.do?keyVal=ZZZW65JMTA018&activeTab=summary
Article 4 Application,15,1,https://pam.ealing.gov.uk/online-applications/applicationDetails.do?keyVal=ZZZW65JMTA622&activeTab=summary
Article 4 Application,16,1,https://pam.ealing.gov.uk/online-applications/applicationDetails.do?keyVal=ZZZW72JMTA385&activeTab=summary
Article 4 Application,17,1,https://pam.ealing.gov.uk/online-applications/applicationDetails.do?keyVal=ZZZW81JMTA398&activeTab=summary
Article 4 Application,18,1,https://pam.ealing.gov.uk/online-applications/applicationDetails.do?keyVal=ZZZW7HJMTA205&activeTab=summary
Article 4 Application,19,1,https://pam.ealing.gov.uk/online-applications/applicationDetails.do?keyVal=ZZZW70JMTA456&activeTab=summary
Article 4 Application,20,1,https://pam.ealing.gov.uk/online-applications/applicationDetails.do?keyVal=ZZZW7HJMTA504&activeTab=summary
Article 4 Application,21,1,https://pam.ealing.gov.uk/online-applications/applicationDetails.do?keyVal=ZZZW81JMTA794&activeTab=summary
